id,name,email,gender
1,Darb,dscotford0@upenn.edu,Male
2,Addi,agairdner1@fema.gov,Female
3,Ludwig,lkindley2@gravatar.com,Male
4,Ruddy,rotter3@java.com,Male
5,Gasper,gcawker4@fastcompany.com,Male
6,Dalenna,dcrampton5@google.ru,Female
7,Leif,lschimoni6@marketwatch.com,Male
8,Glynnis,garrol7@hp.com,Female
9,Sebastien,syglesias8@fema.gov,Male
10,Berkeley,bkrzysztofiak9@youtube.com,Male
11,Alvan,aporkissa@liveinternet.ru,Male
12,Sadella,stwinborneb@goodreads.com,Female
13,Madelaine,meixenbergerc@wunderground.com,Female
14,Elane,estrassed@usatoday.com,Female
15,Waiter,wcockline@elpais.com,Male
16,Sylas,slissettf@stumbleupon.com,Male
17,Milka,mweaferg@sciencedirect.com,Female
18,Jeni,jmccloshh@google.com,Female
19,Keene,kputti@reverbnation.com,Male
20,Iggy,iockleshawj@google.es,Male
21,Mervin,mjeffrayk@chronoengine.com,Male
22,Harrison,hlydfordl@printfriendly.com,Male
23,Clemmy,cgossagem@myspace.com,Female
24,Briney,bcattemulln@addtoany.com,Female
25,Zia,ztoveyo@stanford.edu,Female
26,Gregorio,gwintourp@nytimes.com,Male
27,Nikki,ngrogerq@ed.gov,Male
28,Grove,gclemontsr@godaddy.com,Male
29,Eugenius,elakes@nymag.com,Male
30,Adel,apiattot@un.org,Female
31,Monica,mquilleashu@ow.ly,Female
32,Jacinthe,jwoffendenv@exblog.jp,Female
33,Sheffy,sgoldaw@state.gov,Male
34,Kym,kstratiffx@shinystat.com,Female
35,Dayle,dgynny@businessweek.com,Female
36,Darren,dpearsez@google.com.au,Male
37,Rori,rbuttrey10@arizona.edu,Female
38,Nate,ncrosfeld11@kickstarter.com,Male
39,Lindy,lcaskie12@businessinsider.com,Male
40,Darill,dbehan13@pbs.org,Male
41,Emmaline,enoye14@cbc.ca,Female
42,Vinni,vwatsam15@desdev.cn,Female
43,Tasia,tcorsor16@exblog.jp,Female
44,Elvina,escholefield17@alibaba.com,Female
45,Nance,nhriinchenko18@oracle.com,Female
46,Christean,cfrancioli19@theguardian.com,Female
47,Aaron,amallabone1a@army.mil,Male
48,Magdalen,mwarlaw1b@gov.uk,Female
49,Alejandra,amontes1c@whitehouse.gov,Female
50,De witt,dknifton1d@eventbrite.com,Male
51,Grant,gpauleau1e@51.la,Male
52,Odilia,otuck1f@joomla.org,Female
53,Frannie,fweatherill1g@hubpages.com,Male
54,Mabelle,mbenasik1h@howstuffworks.com,Female
55,Katalin,krase1i@elpais.com,Female
56,Benedict,bdomenichelli1j@sogou.com,Male
57,Ole,oconochie1k@weather.com,Male
58,Portie,pcambell1l@tiny.cc,Male
59,Tobey,tskeath1m@flavors.me,Female
60,Emlynne,eafield1n@youku.com,Female
61,Jacenta,jbennellick1o@cdbaby.com,Female
62,Danella,dbedrosian1p@flavors.me,Female
63,Winfield,wsambedge1q@ca.gov,Male
64,Cele,cryam1r@blogs.com,Female
65,Norman,nbockin1s@deviantart.com,Male
66,Nata,nbodsworth1t@dropbox.com,Female
67,Patricio,protte1u@businessweek.com,Male
68,Danella,dburr1v@trellian.com,Female
69,Saraann,sbrittlebank1w@t.co,Female
70,Alfredo,alocarno1x@wikispaces.com,Male
71,Benson,byearns1y@newyorker.com,Male
72,Merna,msames1z@tmall.com,Female
73,Horst,hgreenwell20@si.edu,Male
74,Charlie,cwaldera21@marriott.com,Male
75,Lynsey,lbrownjohn22@geocities.com,Female
76,Guinevere,gtregea23@java.com,Female
77,Maurene,mchmiel24@rediff.com,Female
78,Terrill,tdabels25@utexas.edu,Male
79,Kira,khaseley26@digg.com,Female
80,Jermain,jbeddo27@clickbank.net,Male
81,Saundra,schallicombe28@ucla.edu,Male
82,Felicle,fosherin29@adobe.com,Female
83,Esra,escarce2a@cyberchimps.com,Male
84,Sheri,ssetter2b@goodreads.com,Female
85,Robinet,rpell2c@constantcontact.com,Female
86,Susannah,stight2d@vinaora.com,Female
87,Durand,drosborough2e@123-reg.co.uk,Male
88,Moshe,mhartshorn2f@qq.com,Male
89,Elden,elosbie2g@stumbleupon.com,Male
90,Jeanine,jmacririe2h@desdev.cn,Female
91,Zebedee,zheadan2i@wiley.com,Male
92,Essie,egillyett2j@usgs.gov,Female
93,Gypsy,gboodell2k@xing.com,Female
94,Karel,kposner2l@cisco.com,Female
95,Rodolph,rdomone2m@sakura.ne.jp,Male
96,Rodrique,rabson2n@abc.net.au,Male
97,Auguste,adeuss2o@marketwatch.com,Female
98,Zola,zfoston2p@nature.com,Female
99,Shelbi,spurdon2q@fastcompany.com,Female
100,Shela,sloakes2r@nsw.gov.au,Female
101,Willie,wjohansen2s@chronoengine.com,Female
102,Gasper,gaimeric2t@census.gov,Male
103,Layney,lpahler2u@washingtonpost.com,Female
104,Cleve,cpester2v@bbb.org,Male
105,Antonio,afortie2w@free.fr,Male
106,Goldia,gmunning2x@icio.us,Female
107,Dorry,dreicherz2y@wordpress.com,Female
108,Nataniel,nbrunicke2z@ft.com,Male
109,Konstantin,koheffernan30@google.fr,Male
110,Brena,bbore31@ft.com,Female
111,Kelsey,kminton32@nydailynews.com,Female
112,Laurella,ltyrwhitt33@yandex.ru,Female
113,Jenda,jbarrowcliff34@so-net.ne.jp,Female
114,Gates,groller35@blinklist.com,Female
115,Antonius,acamilleri36@stumbleupon.com,Male
116,Wallache,wcunrado37@bing.com,Male
117,Gayla,gburtwhistle38@washington.edu,Female
118,Jelene,jthoday39@liveinternet.ru,Female
119,Agnesse,astucksbury3a@sohu.com,Female
120,Lombard,lshermar3b@guardian.co.uk,Male
121,Persis,pivakhin3c@dmoz.org,Female
122,Aurel,agallanders3d@home.pl,Female
123,Dianna,dklaus3e@google.de,Female
124,Berte,bkondratenya3f@apache.org,Female
125,Gustaf,gtezure3g@smh.com.au,Male
126,Hadlee,hladlow3h@about.me,Male
127,Dick,djunkinson3i@fc2.com,Male
128,Mechelle,mhaythornthwaite3j@hostgator.com,Female
129,Josey,jbunt3k@nifty.com,Female
130,Paul,padamovich3l@wunderground.com,Male
131,Milena,mgaffer3m@shinystat.com,Female
132,Davida,dsearight3n@over-blog.com,Female
133,Teodorico,trickardes3o@edublogs.org,Male
134,Alonso,ainnman3p@plala.or.jp,Male
135,Rab,rhemphall3q@yahoo.co.jp,Male
136,Hayyim,htilt3r@timesonline.co.uk,Male
137,Donnie,dcamous3s@w3.org,Female
138,Graig,ggrzelewski3t@bizjournals.com,Male
139,Ted,tdanhel3u@icio.us,Male
140,Diarmid,ddewhirst3v@geocities.com,Male
141,Constantine,cwapples3w@hhs.gov,Female
142,Gael,gkunath3x@google.com.hk,Female
143,Marty,mbaskeyfield3y@nytimes.com,Male
144,Geoffrey,gudall3z@gravatar.com,Male
145,Mervin,mmcglue40@sina.com.cn,Male
146,Adora,afiveash41@youtube.com,Female
147,Burke,bharman42@mediafire.com,Male
148,Cornelia,cfenney43@google.fr,Female
149,Ekaterina,ewincott44@mapy.cz,Female
150,Tom,tscreen45@netscape.com,Male
151,Missy,mmouat46@yale.edu,Female
152,Justis,jnesbeth47@behance.net,Male
153,Marketa,mhouson48@list-manage.com,Female
154,Richart,rdiplock49@quantcast.com,Male
155,Angelique,agrishechkin4a@shareasale.com,Female
156,Parrnell,pkilmaster4b@twitpic.com,Male
157,Valaree,vmeadus4c@psu.edu,Female
158,Gilda,gjonke4d@prnewswire.com,Female
159,Boony,bhuddle4e@mapy.cz,Male
160,Carlita,coldis4f@exblog.jp,Female
161,Muffin,mbispham4g@sourceforge.net,Male
162,Gaylor,gingliss4h@barnesandnoble.com,Male
163,Rayshell,rhadcroft4i@blinklist.com,Female
164,Roxine,rolivia4j@macromedia.com,Female
165,Free,fgorham4k@rakuten.co.jp,Male
166,Persis,pdeegan4l@alibaba.com,Female
167,Rycca,rdulanty4m@columbia.edu,Female
168,Blondell,bjaimez4n@reverbnation.com,Female
169,Ignacio,ikydd4o@sfgate.com,Male
170,Orren,obovis4p@wikia.com,Male
171,Weston,wgrzegorzewski4q@comsenz.com,Male
172,Harmony,hgoodsall4r@alibaba.com,Female
173,Wilmar,wridings4s@npr.org,Male
174,Casar,cskirving4t@wisc.edu,Male
175,Prissie,pvicent4u@mozilla.org,Female
176,Lisette,lpetrello4v@slashdot.org,Female
177,Elissa,ehandslip4w@wikia.com,Female
178,Fransisco,fgainsburgh4x@bloglovin.com,Male
179,Had,hlockless4y@princeton.edu,Male
180,Danell,dlongland4z@china.com.cn,Female
181,Antonella,atulloch50@wordpress.org,Female
182,Ertha,ebrilleman51@qq.com,Female
183,Mark,mkirk52@istockphoto.com,Male
184,Joline,jciotto53@ed.gov,Female
185,Frazier,fbelbin54@google.pl,Male
186,Salvador,sgraysmark55@digg.com,Male
187,Nickolaus,nstainbridge56@seesaa.net,Male
188,Aime,abellchamber57@typepad.com,Female
189,Christy,cmair58@wiley.com,Female
190,Drake,dlemerie59@miibeian.gov.cn,Male
191,Nat,ncouvet5a@nhs.uk,Male
192,Concettina,cbeeson5b@privacy.gov.au,Female
193,Foss,fkienlein5c@com.com,Male
194,Bobbie,bbaptista5d@ehow.com,Male
195,Maudie,msizzey5e@mysql.com,Female
196,Shelly,slomas5f@sourceforge.net,Female
197,Reggie,rclutram5g@amazon.de,Male
198,Kennith,kmachan5h@narod.ru,Male
199,Daphna,dwaber5i@theatlantic.com,Female
200,Arnie,aglaves5j@epa.gov,Male
201,Seth,sstrettle5k@cloudflare.com,Male
202,Prent,pbrimson5l@reverbnation.com,Male
203,Amery,ascriver5m@baidu.com,Male
204,Lionello,lfenney5n@over-blog.com,Male
205,Nicoli,neronie5o@furl.net,Female
206,Roosevelt,riacobacci5p@weather.com,Male
207,Jordana,jtzuker5q@yelp.com,Female
208,Gideon,gspoward5r@aboutads.info,Male
209,Artur,aboundey5s@naver.com,Male
210,Filberte,fdibbs5t@examiner.com,Male
211,Elia,ejumonet5u@slashdot.org,Male
212,Bronny,bdansey5v@squidoo.com,Male
213,Byrle,bcopo5w@jigsy.com,Male
214,Creighton,cberre5x@comcast.net,Male
215,Dorthea,dspargo5y@360.cn,Female
216,Aurlie,arevelle5z@themeforest.net,Female
217,Marjorie,mlohden60@google.cn,Female
218,Linet,lrow61@tripadvisor.com,Female
219,Lars,ledgerly62@ft.com,Male
220,Brigida,bwingar63@facebook.com,Female
221,Aubert,ajiranek64@mediafire.com,Male
222,Gusty,glevine65@chron.com,Female
223,Durante,dmcmillan66@dailymail.co.uk,Male
224,Vite,vrumney67@ibm.com,Male
225,Mano,msutch68@europa.eu,Male
226,Christophorus,cboltwood69@harvard.edu,Male
227,Dorelle,dpeers6a@themeforest.net,Female
228,Lion,lamesbury6b@skyrock.com,Male
229,Homere,hdemaine6c@fastcompany.com,Male
230,Hollis,hstanford6d@buzzfeed.com,Male
231,Haven,hnardrup6e@pagesperso-orange.fr,Male
232,Nelly,nallred6f@w3.org,Female
233,Skylar,solliar6g@taobao.com,Male
234,Berny,bduguid6h@springer.com,Female
235,Bethena,blotte6i@miitbeian.gov.cn,Female
236,Karney,khubach6j@vinaora.com,Male
237,Hannah,hwatkiss6k@ow.ly,Female
238,Bobinette,bshinner6l@weather.com,Female
239,Whitby,whawe6m@etsy.com,Male
240,Lavinie,lnewland6n@homestead.com,Female
241,Frances,fslowgrove6o@statcounter.com,Female
242,Annabal,askegg6p@rambler.ru,Female
243,Mae,mborrows6q@arizona.edu,Female
244,Else,ebaroux6r@youku.com,Female
245,Martynne,mharder6s@twitpic.com,Female
246,Bentlee,bmattioli6t@friendfeed.com,Male
247,Trever,tarthur6u@reverbnation.com,Male
248,Giulio,gandreev6v@archive.org,Male
249,Harmony,hburril6w@springer.com,Female
250,Paxon,pnoddles6x@jalbum.net,Male
251,Jaynell,jphilpotts6y@yahoo.com,Female
252,Dotty,dfahrenbach6z@epa.gov,Female
253,Rutherford,rbenois70@ucoz.ru,Male
254,Monique,mpeoples71@google.com,Female
255,Allen,asanchez72@nih.gov,Male
256,Wayne,wgregon73@dion.ne.jp,Male
257,Virgie,vcampana74@lycos.com,Male
258,Sharleen,ssmallpeace75@hud.gov,Female
259,Merle,mcrudgington76@1688.com,Male
260,Dore,dstainburn77@huffingtonpost.com,Male
261,Bronny,bfortescue78@devhub.com,Male
262,Rafaelita,rmignot79@friendfeed.com,Female
263,Kerwinn,kgotcliff7a@miitbeian.gov.cn,Male
264,Tasia,trolinson7b@w3.org,Female
265,Reamonn,rcarabet7c@vistaprint.com,Male
266,Else,eminero7d@apple.com,Female
267,Helsa,hdeldello7e@cmu.edu,Female
268,Amil,achina7f@state.gov,Female
269,Michael,mduggan7g@indiatimes.com,Male
270,Veronique,vbastistini7h@army.mil,Female
271,Talyah,tashwell7i@clickbank.net,Female
272,Kleon,kburras7j@hatena.ne.jp,Male
273,Anabella,alainge7k@yellowpages.com,Female
274,Elinor,eslixby7l@ed.gov,Female
275,Bettine,bpetz7m@stumbleupon.com,Female
276,Desmond,dpoveleye7n@army.mil,Male
277,Sharity,smutton7o@eventbrite.com,Female
278,Marybelle,mwrey7p@sun.com,Female
279,Barby,bscroggs7q@virginia.edu,Female
280,Ramsey,rswancott7r@zdnet.com,Male
281,Megan,mmollatt7s@rakuten.co.jp,Female
282,Sherman,swoffinden7t@cloudflare.com,Male
283,Trixie,tmcilory7u@w3.org,Female
284,Earl,eutridge7v@buzzfeed.com,Male
285,Cris,cgustus7w@infoseek.co.jp,Female
286,Staford,sgirdlestone7x@google.pl,Male
287,Falkner,fkennerley7y@vistaprint.com,Male
288,Pavel,pjellico7z@feedburner.com,Male
289,Adele,acherm80@geocities.jp,Female
290,Washington,wshuxsmith81@senate.gov,Male
291,Ciel,cruppele82@ca.gov,Female
292,Coop,cannies83@edublogs.org,Male
293,Kahaleel,kmundwell84@creativecommons.org,Male
294,Kenyon,kskade85@ftc.gov,Male
295,Christa,cdonnellan86@goo.ne.jp,Female
296,Shayne,smcconnachie87@cnn.com,Male
297,Sigfrid,sancliffe88@ow.ly,Male
298,Bevan,brockingham89@amazon.co.jp,Male
299,Caty,cbulle8a@newsvine.com,Female
300,Lovell,lfuge8b@washington.edu,Male
301,Forrester,fbroomer8c@economist.com,Male
302,Madge,mplank8d@spotify.com,Female
303,Kleon,kpolk8e@umn.edu,Male
304,Mylo,mgadie8f@friendfeed.com,Male
305,Garrard,gdumbell8g@google.it,Male
306,Levey,lpettengell8h@yellowpages.com,Male
307,Astrix,aparram8i@nature.com,Female
308,Joelie,jcrosier8j@feedburner.com,Female
309,Forrester,ffleury8k@meetup.com,Male
310,Nady,nbladon8l@creativecommons.org,Female
311,Margalo,mlorkings8m@umn.edu,Female
312,Gerry,gmagister8n@cnet.com,Female
313,Abba,atansley8o@ask.com,Male
314,Erv,ebroadis8p@wsj.com,Male
315,Michaelina,mmaxstead8q@ovh.net,Female
316,Annabella,aminico8r@devhub.com,Female
317,Allyn,araisher8s@surveymonkey.com,Female
318,Matty,mfernez8t@photobucket.com,Male
319,Mack,mkinnock8u@virginia.edu,Male
320,Frasco,fturney8v@fda.gov,Male
321,Milicent,mcoleborn8w@unicef.org,Female
322,Rennie,rhornig8x@surveymonkey.com,Female
323,Norma,nfrohock8y@archive.org,Female
324,Daffy,ddowyer8z@google.pl,Female
325,Antoinette,apipet90@noaa.gov,Female
326,Guthrie,gdilon91@shareasale.com,Male
327,Rudyard,rmangenet92@jalbum.net,Male
328,Richardo,rfaulo93@sogou.com,Male
329,Rodd,rfutcher94@so-net.ne.jp,Male
330,Elmira,eboffin95@angelfire.com,Female
331,Julietta,jquenell96@1und1.de,Female
332,Kira,kbrumpton97@theatlantic.com,Female
333,Miranda,maasaf98@apache.org,Female
334,Tadeo,tmartinson99@telegraph.co.uk,Male
335,Shepperd,ssibery9a@tinypic.com,Male
336,Mira,mcuddehy9b@eventbrite.com,Female
337,Marice,mvarfolomeev9c@arizona.edu,Female
338,Verene,vcanero9d@webnode.com,Female
339,Sashenka,sbirkmyre9e@mtv.com,Female
340,Salomon,scharity9f@joomla.org,Male
341,Abraham,abuer9g@stumbleupon.com,Male
342,Novelia,naldwick9h@un.org,Female
343,Idaline,idikle9i@rakuten.co.jp,Female
344,Barbabra,bmacbain9j@hp.com,Female
345,Bryan,bjarad9k@wikipedia.org,Male
346,Moise,mratcliffe9l@qq.com,Male
347,Janie,jpencot9m@fema.gov,Female
348,Rudolph,rmycroft9n@prweb.com,Male
349,Jana,jclemits9o@issuu.com,Female
350,Ashlee,alapping9p@cbslocal.com,Female
351,Justen,jhodge9q@google.co.uk,Male
352,Emmery,enorthill9r@nifty.com,Male
353,Raynard,rdrissell9s@comcast.net,Male
354,Rena,rchisolm9t@nba.com,Female
355,Larisa,lphippard9u@printfriendly.com,Female
356,Livia,lpavey9v@qq.com,Female
357,Gisella,gzaczek9w@statcounter.com,Female
358,Murdock,mlehucquet9x@state.gov,Male
359,Joni,jfrodsam9y@slashdot.org,Female
360,Nickolai,ndigiorgio9z@comcast.net,Male
361,Felike,fscimonellia0@forbes.com,Male
362,Rupert,rincea1@cdbaby.com,Male
363,Abelard,ahaselgrovea2@zimbio.com,Male
364,Lynnea,lhardya3@cnn.com,Female
365,Luce,lcondona4@flickr.com,Male
366,Konstantine,ktettleya5@walmart.com,Male
367,Beau,bhegleya6@chronoengine.com,Male
368,Constantine,cdrusta7@prweb.com,Male
369,Phillida,pjarrada8@reuters.com,Female
370,Kori,kfaulknera9@ucsd.edu,Female
371,Kesley,kfinesaa@elegantthemes.com,Female
372,Aldridge,amorantab@t.co,Male
373,Lissy,ldaniaudac@walmart.com,Female
374,Claus,cdavidouad@taobao.com,Male
375,Nickola,nrecordsae@netscape.com,Male
376,Berky,bjunesaf@purevolume.com,Male
377,Sasha,smccarrollag@addthis.com,Female
378,Johnette,jeuplateah@blog.com,Female
379,Gavan,gmaffeyai@drupal.org,Male
380,Lina,lklejinaj@wordpress.org,Female
381,Antoine,abullantak@free.fr,Male
382,Kendell,kdemareal@hibu.com,Male
383,Iggy,iklazengaam@europa.eu,Male
384,Ole,omancellan@springer.com,Male
385,Ward,wchalfantao@liveinternet.ru,Male
386,Godard,grydingap@elegantthemes.com,Male
387,Muriel,mgoodeeaq@ucsd.edu,Female
388,Jemimah,jblankettar@hexun.com,Female
389,Ailsun,amcsporrinas@usda.gov,Female
390,Sunshine,sbailyat@mysql.com,Female
391,Flossy,fkorousau@hugedomains.com,Female
392,Randi,rmarianav@amazon.com,Male
393,Mac,mhengoedaw@cpanel.net,Male
394,Rinaldo,rwiersmaax@samsung.com,Male
395,Garrett,grobertotay@etsy.com,Male
396,Royal,rbraxtonaz@theglobeandmail.com,Male
397,Verina,vdawberyb0@cafepress.com,Female
398,Tonnie,tsellorsb1@lycos.com,Male
399,Robbi,rcabellb2@si.edu,Female
400,Evonne,emcrobbb3@about.me,Female
401,Darb,drustanb4@blogs.com,Female
402,Dael,dbedderb5@w3.org,Female
403,Atalanta,aschlagmanb6@fastcompany.com,Female
404,Bartlet,bgillanib7@bravesites.com,Male
405,Lydon,lkedgeb8@last.fm,Male
406,Cinda,crajchertb9@ifeng.com,Female
407,Haleigh,horsayba@arizona.edu,Male
408,Edward,efeatherstonbb@tripadvisor.com,Male
409,Kimbra,kskellornebc@delicious.com,Female
410,Thorsten,tronanbd@mediafire.com,Male
411,Clarissa,cnoorebe@ameblo.jp,Female
412,Vachel,vgutcherbf@lycos.com,Male
413,Adaline,awarlowbg@dell.com,Female
414,Glenn,gbynebh@php.net,Female
415,Augustin,ahodjettsbi@si.edu,Male
416,Agata,amushawebj@vistaprint.com,Female
417,Taber,tlenihanbk@webeden.co.uk,Male
418,Jasper,jlenevebl@shinystat.com,Male
419,Robin,rbottellbm@redcross.org,Female
420,Dana,dlemmersbn@ihg.com,Male
421,Donny,dbriscambo@topsy.com,Female
422,Terrill,tlabdonbp@fda.gov,Male
423,Buck,bebenezerbq@seattletimes.com,Male
424,Gwen,gatlaybr@goo.gl,Female
425,Pippa,pmatushevitzbs@joomla.org,Female
426,Brenden,bphilippartbt@lycos.com,Male
427,Melodie,msidebothambu@163.com,Female
428,Maddi,mpawsonbv@senate.gov,Female
429,Ruben,rmarsiebw@eventbrite.com,Male
430,Richart,rlewsambx@adobe.com,Male
431,Crosby,cszachniewiczby@biblegateway.com,Male
432,Truman,tklammanbz@fda.gov,Male
433,Giulio,gcollidgec0@google.com.br,Male
434,Shannon,sbartosinskic1@unicef.org,Female
435,Willyt,wfellgatec2@fastcompany.com,Female
436,Haley,hlewingc3@cnet.com,Male
437,Julio,jleattc4@webs.com,Male
438,Glenden,gmessierc5@samsung.com,Male
439,Quint,qyellowleac6@xing.com,Male
440,Packston,pdiganc7@ucla.edu,Male
441,Ingeberg,isalwayc8@gmpg.org,Female
442,Fara,fnoorwoodc9@bing.com,Female
443,Matti,mlardnarca@nps.gov,Female
444,Aubrey,apetrakcb@yandex.ru,Male
445,Steffi,switherowcc@webmd.com,Female
446,Basilio,bkopfercd@eventbrite.com,Male
447,Jeffrey,jritterce@un.org,Male
448,Niko,nandrascf@ft.com,Male
449,Stanford,sravenhillscg@cdc.gov,Male
450,Bartholomeus,bhalsoch@wunderground.com,Male
451,Jo,jkleinbaumci@w3.org,Male
452,Reeta,rvialscj@google.pl,Female
453,Ondrea,ooehmck@cafepress.com,Female
454,Dita,dyearnsleycl@google.fr,Female
455,Der,dborrelcm@acquirethisname.com,Male
456,Nestor,nbesekecn@sciencedirect.com,Male
457,Flor,fbaudessonco@bloglovin.com,Female
458,Russ,rfayercp@illinois.edu,Male
459,Hobart,hhevnercq@google.ru,Male
460,Gayelord,glegendrecr@mozilla.org,Male
461,Joella,jbyarscs@earthlink.net,Female
462,Cointon,cluxct@so-net.ne.jp,Male
463,Julita,jbernolletcu@ehow.com,Female
464,Adams,anansoncv@mapy.cz,Male
465,Jemimah,jbartalonicw@ed.gov,Female
466,Manny,mwhannelcx@plala.or.jp,Male
467,Enrika,eegiloffcy@twitpic.com,Female
468,Cassaundra,cpetoficz@odnoklassniki.ru,Female
469,Crin,cspunerd0@wp.com,Female
470,Trevar,tgladbachd1@ed.gov,Male
471,Carmelita,cbeggid2@examiner.com,Female
472,Bradly,bcicerod3@ucsd.edu,Male
473,Ulla,ufolkd4@barnesandnoble.com,Female
474,Chad,cinnocentid5@ebay.co.uk,Male
475,Dahlia,dpettersd6@histats.com,Female
476,Alastair,awraighted7@spotify.com,Male
477,Tabbie,tallewayd8@fema.gov,Male
478,Florinda,fblackborowd9@slashdot.org,Female
479,Van,vmanzellda@i2i.jp,Male
480,Marylinda,mbausdb@indiegogo.com,Female
481,Elianore,eabramoviczdc@redcross.org,Female
482,Filberto,fjanuarystdd@zdnet.com,Male
483,Lin,lcoatsworthde@163.com,Female
484,Manolo,mgascarddf@devhub.com,Male
485,Kaitlin,kginglelldg@apple.com,Female
486,Berk,brotterydh@slate.com,Male
487,Tammi,tanstissdi@netlog.com,Female
488,Issiah,iklimpdj@cyberchimps.com,Male
489,Arlette,awhitelydk@cnet.com,Female
490,Chris,cfernleydl@amazon.co.jp,Male
491,Lulita,loglesbeedm@squidoo.com,Female
492,Truda,tyoudedn@amazon.de,Female
493,Susannah,sgafferdo@naver.com,Female
494,Laurianne,lmorgendp@topsy.com,Female
495,Cherilyn,cmandredq@prnewswire.com,Female
496,Zola,zgeffendr@google.cn,Female
497,Kurtis,kmiellds@biglobe.ne.jp,Male
498,Tonye,tklishindt@imgur.com,Female
499,Karlyn,klaweedu@jalbum.net,Female
500,Charlean,cfrancomdv@shareasale.com,Female
501,Rochette,rlibbisdw@g.co,Female
502,Dulciana,dmctaggartdx@booking.com,Female
503,Kahaleel,kweatherilldy@xrea.com,Male
504,Wallas,wmummerydz@virginia.edu,Male
505,Brnaba,belsegoode0@virginia.edu,Male
506,Kelwin,kluckene1@bandcamp.com,Male
507,Berri,bpicknette2@umn.edu,Female
508,Esme,emcilveene3@unc.edu,Male
509,Josiah,jcorkele4@mozilla.org,Male
510,Allix,akroppe5@miibeian.gov.cn,Female
511,Daron,dcockee6@fda.gov,Male
512,Garrik,gcorre7@squidoo.com,Male
513,Madalena,mheinere8@xinhuanet.com,Female
514,Benedetto,bvasyatkine9@ning.com,Male
515,Sande,sdaineea@latimes.com,Female
516,Ruy,rwidockseb@lulu.com,Male
517,Claudianus,ckingsnodec@marketwatch.com,Male
518,Mechelle,mmerkleed@sakura.ne.jp,Female
519,Sheryl,sgraddonee@instagram.com,Female
520,Oliver,olarrowayef@surveymonkey.com,Male
521,Monti,mvasyutochkineg@acquirethisname.com,Male
522,Timmie,tgarryeh@netvibes.com,Female
523,Inigo,imarinei@hc360.com,Male
524,Evonne,ephateplaceej@dailymotion.com,Female
525,Jeno,jkingsnorthek@nba.com,Male
526,Jude,jdongateel@desdev.cn,Male
527,June,jpotterem@symantec.com,Female
528,Rhona,ralexanderen@dell.com,Female
529,Bell,bleadeseo@nydailynews.com,Female
530,Faina,fsavinep@joomla.org,Female
531,Emmalynn,eswaffieldeq@blogspot.com,Female
532,Melisse,melmaner@theatlantic.com,Female
533,Darn,dstermanes@t.co,Male
534,Conn,clarveret@yolasite.com,Male
535,Jethro,jreasceeu@google.it,Male
536,Pris,pissattev@hexun.com,Female
537,Sisile,storbeckew@weather.com,Female
538,Ludovico,ltomaszkiewiczex@hhs.gov,Male
539,Kristi,kspirrittey@privacy.gov.au,Female
540,Barde,bstowerez@squarespace.com,Male
541,Germaine,gvanthoogf0@webmd.com,Female
542,Kaylyn,klocklessf1@surveymonkey.com,Female
543,Dorie,ddreschlerf2@cnet.com,Male
544,Kristofor,kapplewhaitef3@umich.edu,Male
545,Ethel,eottof4@blogtalkradio.com,Female
546,Sebastiano,scloutef5@nifty.com,Male
547,Ravid,rkinzef6@yolasite.com,Male
548,Von,vbewseyf7@theguardian.com,Male
549,Talia,tfinessyf8@51.la,Female
550,Dew,dmogganf9@nbcnews.com,Male
551,Arliene,adeardenfa@umn.edu,Female
552,Langston,lfinchamfb@uol.com.br,Male
553,Hayes,hwoolerfc@sfgate.com,Male
554,Ax,amayberyfd@dailymail.co.uk,Male
555,Melessa,mdultonfe@skype.com,Female
556,Shelli,sreallyff@123-reg.co.uk,Female
557,Joshuah,jpegdenfg@edublogs.org,Male
558,Tabbatha,tlangabeerfh@mapy.cz,Female
559,Haley,hcalendarfi@usatoday.com,Female
560,Lilly,ledghinnfj@cisco.com,Female
561,Milty,mklimkiewichfk@ustream.tv,Male
562,Henderson,halsinafl@time.com,Male
563,Estelle,etroughtonfm@e-recht24.de,Female
564,Shirline,seccottfn@behance.net,Female
565,Lettie,lkimblenfo@bizjournals.com,Female
566,Aleksandr,arippinfp@wunderground.com,Male
567,Karleen,ksherreardfq@theglobeandmail.com,Female
568,Sauncho,sscimonifr@nature.com,Male
569,Monika,mmaggifs@virginia.edu,Female
570,Atalanta,adurandft@pen.io,Female
571,Tabby,tduckworthfu@amazon.de,Male
572,Dulcia,dolmanfv@live.com,Female
573,Fraze,fcuolahanfw@alexa.com,Male
574,Clarabelle,cmusgravefx@vk.com,Female
575,Finlay,fscrimshawfy@vinaora.com,Male
576,Mora,mphipsonfz@blogspot.com,Female
577,Pennie,preilyg0@businessweek.com,Female
578,Brocky,bberrowg1@ca.gov,Male
579,Giulia,gteglerg2@sourceforge.net,Female
580,Clemens,cchampnessg3@washingtonpost.com,Male
581,Melamie,myearnsleyg4@psu.edu,Female
582,Ashlan,aboowg5@blogspot.com,Female
583,Ryon,rbingleyg6@mlb.com,Male
584,Josephine,jkearsg7@nasa.gov,Female
585,Tani,twhewillg8@shutterfly.com,Female
586,Seamus,skinigg9@vkontakte.ru,Male
587,Ella,eartinga@fc2.com,Female
588,Irv,iwragggb@dailymail.co.uk,Male
589,Derry,dbartoshevichgc@google.co.uk,Male
590,Carmita,ccleargd@odnoklassniki.ru,Female
591,Martica,mficklingge@house.gov,Female
592,Darb,dburrelgf@earthlink.net,Female
593,Hale,hdrayseygg@furl.net,Male
594,Cos,ccurnokgh@arstechnica.com,Male
595,Frank,ftoyegi@miitbeian.gov.cn,Female
596,Terencio,tmacririegj@wunderground.com,Male
597,Lars,lchesnutgk@foxnews.com,Male
598,Heywood,hveldgl@thetimes.co.uk,Male
599,Levey,lshallcrossgm@admin.ch,Male
600,Park,pisaacsongn@usda.gov,Male
601,Stanford,sblundongo@mediafire.com,Male
602,Jessika,jpyattgp@npr.org,Female
603,Cherida,cmurpheygq@theatlantic.com,Female
604,Dody,dkelshawgr@creativecommons.org,Female
605,Jeramey,jrantoullgs@wikimedia.org,Male
606,Anita,ahargravesgt@storify.com,Female
607,Sloane,smingauldgu@digg.com,Male
608,Marlin,mlakergv@4shared.com,Male
609,Mikey,mchattersgw@parallels.com,Male
610,Allix,abernlingx@cpanel.net,Female
611,Paulie,pkopfgy@webeden.co.uk,Female
612,Alvy,ayoutheadgz@ihg.com,Male
613,Melly,mkinnenh0@tmall.com,Female
614,Kippie,kmatthewh1@wix.com,Male
615,Pedro,ppeploeh2@comcast.net,Male
616,Ferdinand,fmccloughenh3@virginia.edu,Male
617,Lida,lforestelh4@live.com,Female
618,Serene,sbrothertonh5@i2i.jp,Female
619,Giorgio,gsherewoodh6@stumbleupon.com,Male
620,Michail,mferridayh7@jigsy.com,Male
621,Hedda,hmatheh8@unesco.org,Female
622,Nadine,nharrawayh9@delicious.com,Female
623,Odie,omcwhorterha@omniture.com,Male
624,Rutter,ralexandersenhb@biglobe.ne.jp,Male
625,Oralla,orubertellihc@usgs.gov,Female
626,Yance,ypendergrasthd@myspace.com,Male
627,Dasha,dgorckehe@ameblo.jp,Female
628,Alie,ayitzhakofhf@utexas.edu,Female
629,Juli,jivanenkovhg@digg.com,Female
630,Josh,jrevillehh@aboutads.info,Male
631,Danny,dtraytonhi@unblog.fr,Male
632,Vinni,vhewlingshj@unblog.fr,Female
633,Tessie,tilyenkohk@github.io,Female
634,Toddie,tboggeshl@howstuffworks.com,Male
635,Callean,cmatasovhm@illinois.edu,Male
636,Pyotr,phuncotehn@cbc.ca,Male
637,Jennette,jcoxonho@edublogs.org,Female
638,Donaugh,dmowlinghp@jalbum.net,Male
639,Karleen,kleftbridgehq@google.com,Female
640,Maighdiln,mcockerellhr@chronoengine.com,Female
641,Elsbeth,edonavanhs@google.co.uk,Female
642,Barth,bcuddehyht@vinaora.com,Male
643,Lowell,lwenmanhu@umich.edu,Male
644,Anselm,awestberghv@sfgate.com,Male
645,Daisy,dlankfordhw@twitter.com,Female
646,Benjamen,bcholwellhx@google.fr,Male
647,Stuart,sdemangeonhy@biglobe.ne.jp,Male
648,Michell,mbrolanhz@studiopress.com,Female
649,Emilio,esignorellii0@alexa.com,Male
650,Yoko,ybainsi1@wisc.edu,Female
651,Giffer,gtalboti2@themeforest.net,Male
652,Amara,astrathmani3@indiegogo.com,Female
653,Finn,fdevonaldi4@blog.com,Male
654,Matthias,mnuemanni5@craigslist.org,Male
655,Donnajean,dpinkneyi6@blog.com,Female
656,Tammie,tbourdasi7@china.com.cn,Female
657,Myrlene,mfrisselli8@canalblog.com,Female
658,Nettle,nmcwilliami9@trellian.com,Female
659,Olga,oalphegeia@yahoo.com,Female
660,Wilmar,wsavilleib@cmu.edu,Male
661,Bobina,bluddyic@imageshack.us,Female
662,Sher,shymerid@stanford.edu,Female
663,Winnifred,wmateikoie@cocolog-nifty.com,Female
664,Edy,ejoinerif@phpbb.com,Female
665,Georgi,gmcgrearyig@bloglovin.com,Male
666,Eve,esorsbyih@tiny.cc,Female
667,Charlie,ccordallii@prnewswire.com,Male
668,Danita,dcorckij@discovery.com,Female
669,Christan,cschoolfieldik@merriam-webster.com,Female
670,Leonora,lbogueil@adobe.com,Female
671,Leopold,ldulantyim@theatlantic.com,Male
672,Hamilton,harpinin@adobe.com,Male
673,Domini,dbarthramio@google.com.hk,Female
674,Garrek,grametip@slate.com,Male
675,Auroora,abruntiq@fastcompany.com,Female
676,Pascale,phayfordir@about.com,Male
677,Boot,blaybournis@ebay.com,Male
678,Yettie,yvandaleit@patch.com,Female
679,Aaren,abenziu@unc.edu,Female
680,Chick,cixeriv@weather.com,Male
681,Prinz,phannentiw@netlog.com,Male
682,Curry,ccordaroyix@unc.edu,Male
683,Shannen,smccarrolliy@ask.com,Female
684,Tyson,ttennickiz@umn.edu,Male
685,Joel,jjaradj0@skype.com,Male
686,Alla,amathevetj1@go.com,Female
687,Sloane,sgorgenj2@mtv.com,Male
688,Germana,gmeineckj3@webs.com,Female
689,Dukie,dparadisj4@constantcontact.com,Male
690,Sonni,swilkissonj5@patch.com,Female
691,Analiese,ahardinghamj6@slideshare.net,Female
692,Willi,wantoniasj7@tinypic.com,Female
693,Nerta,nmcilhargaj8@wikispaces.com,Female
694,Gertrud,gfarreilj9@cargocollective.com,Female
695,Gal,gshahja@cnn.com,Male
696,Donia,dphilipsonjb@admin.ch,Female
697,Jessie,jroscherjc@boston.com,Female
698,Tonye,tcarressjd@hugedomains.com,Female
699,Dede,dfaganje@un.org,Female
700,Chip,collerjf@psu.edu,Male
701,Lindsey,lkeyhoejg@foxnews.com,Female
702,Tallou,tkennaghjh@sogou.com,Female
703,Ramona,rleinthallji@redcross.org,Female
704,Ara,abedburrowjj@topsy.com,Female
705,Billy,bmilnejk@newsvine.com,Female
706,Bar,bpirriejl@bloglines.com,Male
707,Madelene,mpreciousjm@issuu.com,Female
708,Harbert,hskehanjn@amazon.co.jp,Male
709,Lauren,lengelmannjo@merriam-webster.com,Male
710,Lexine,lhaniganjp@cmu.edu,Female
711,Cecilio,cmucklestonejq@twitter.com,Male
712,Bartram,bromejr@free.fr,Male
713,Kippy,kmorbeyjs@cargocollective.com,Female
714,Bianka,bscranedgejt@abc.net.au,Female
715,Dulcine,dtookeju@blinklist.com,Female
716,Glenn,gbrassejv@blogs.com,Male
717,Elbertine,eblofeldjw@nytimes.com,Female
718,Tracy,tgramerjx@slate.com,Male
719,Drusi,dmckevinjy@ox.ac.uk,Female
720,Weston,wpietznerjz@cocolog-nifty.com,Male
721,Doyle,dleftbridgek0@thetimes.co.uk,Male
722,Hill,hcockarillk1@pinterest.com,Male
723,Winifield,wpracyk2@odnoklassniki.ru,Male
724,Ham,harnaudk3@vk.com,Male
725,Sayers,sdumberrillk4@zdnet.com,Male
726,Wes,wtakkosk5@weather.com,Male
727,Delly,dkilvingtonk6@nih.gov,Female
728,Deeann,dkearsleyk7@wikia.com,Female
729,Stanton,sbridgettk8@rambler.ru,Male
730,Sigfrid,sfernantk9@sciencedaily.com,Male
731,Abbe,agumleyka@indiegogo.com,Male
732,Farrah,fastlingkb@google.it,Female
733,Darsey,dfairbankkc@blogger.com,Female
734,Stacey,sdimberlinekd@un.org,Female
735,Hildy,hsemmenske@vk.com,Female
736,Derrek,dseakkf@netlog.com,Male
737,Oralie,opinckneykg@google.cn,Female
738,Gregor,glochriekh@i2i.jp,Male
739,Lambert,llutzki@umich.edu,Male
740,Alex,aboormankj@weibo.com,Female
741,Hannah,hmargerykk@dot.gov,Female
742,Corrinne,cemanulssonkl@google.de,Female
743,Rafaela,rbleythingkm@blogs.com,Female
744,Maximilien,mferencekn@tinyurl.com,Male
745,Crawford,cbartleko@ebay.com,Male
746,Justinn,jstilemankp@yellowpages.com,Female
747,Lynnelle,lgooddingkq@flavors.me,Female
748,Dore,dradbonekr@nih.gov,Male
749,Zebedee,zalwinks@columbia.edu,Male
750,Germayne,gorgelkt@ebay.com,Male
751,Cori,cgerholzku@dailymotion.com,Male
752,Jackie,jbercevelokv@bluehost.com,Male
753,Ransom,rcaldecourtkw@blogspot.com,Male
754,Ekaterina,ebartzenkx@weather.com,Female
755,Hillel,hcullefordky@jalbum.net,Male
756,Spence,stugmankz@google.co.jp,Male
757,Rodrick,rhariotl0@timesonline.co.uk,Male
758,Mickie,mmclagainl1@tumblr.com,Female
759,Ted,tfidelerl2@uol.com.br,Female
760,Cecilio,cpainswickl3@nydailynews.com,Male
761,Winne,wweerdenburgl4@wiley.com,Female
762,Merna,mtommeol5@mapy.cz,Female
763,Jerrie,jturneuxl6@usatoday.com,Female
764,Bernetta,bsinderlandl7@goodreads.com,Female
765,Blancha,bfebryl8@discovery.com,Female
766,Jacynth,jtranterl9@soup.io,Female
767,Niki,nmcnicolla@reuters.com,Female
768,Jud,jandryszczaklb@pcworld.com,Male
769,Dimitry,ddelicatelc@reverbnation.com,Male
770,Dolf,dreeld@state.tx.us,Male
771,Modestia,mfruserle@imgur.com,Female
772,Muriel,mgoadylf@pbs.org,Female
773,Dorie,drallingslg@g.co,Male
774,Roxanne,rbiscomblh@icio.us,Female
775,Pincas,pbellenyli@godaddy.com,Male
776,Fletcher,fcarragherlj@ucoz.com,Male
777,Camellia,cdarcolk@cdc.gov,Female
778,Margeaux,mraulstonll@chron.com,Female
779,Nona,nprovostlm@harvard.edu,Female
780,Washington,wandriolliln@usgs.gov,Male
781,Barton,brabbagelo@symantec.com,Male
782,Junina,jsylvesterlp@phpbb.com,Female
783,Luis,lridinglq@csmonitor.com,Male
784,Noel,ndurninglr@dion.ne.jp,Female
785,Rubin,rturesls@biblegateway.com,Male
786,Gianina,gsearsonlt@wufoo.com,Female
787,Kristos,knuttenlu@cnet.com,Male
788,Austen,akevislv@google.es,Male
789,Constantine,clacazelw@imageshack.us,Male
790,Roxana,robbardlx@photobucket.com,Female
791,Gun,gcorsely@phpbb.com,Male
792,Gordy,gveillardlz@pagesperso-orange.fr,Male
793,Amandie,acottinghamm0@blogtalkradio.com,Female
794,Saleem,srockallm1@woothemes.com,Male
795,Vinnie,vnajeram2@merriam-webster.com,Male
796,Natty,nrottgerm3@phpbb.com,Male
797,Norma,nmackrillm4@aboutads.info,Female
798,Camila,crehmm5@hp.com,Female
799,Osbourne,oodonohoem6@archive.org,Male
800,Raimondo,rpopelaym7@istockphoto.com,Male
801,Allina,asimmankm8@google.de,Female
802,Juliana,jshilitonm9@desdev.cn,Female
803,Winnifred,wokillma@utexas.edu,Female
804,Anstice,ajeunemb@europa.eu,Female
805,Brinna,boehmemc@storify.com,Female
806,Zaria,zconstantinoumd@delicious.com,Female
807,Sibella,sgrayshonme@amazon.co.jp,Female
808,Malanie,mseatonmf@china.com.cn,Female
809,Ashbey,arainvillemg@cmu.edu,Male
810,Rana,rvotiermh@spiegel.de,Female
811,Ruddy,rcaspellmi@issuu.com,Male
812,Terrell,tgoutmj@businessweek.com,Male
813,Joya,jgyngyllmk@ocn.ne.jp,Female
814,Clare,canglinml@4shared.com,Female
815,Simonette,smclleesemm@jimdo.com,Female
816,Reinaldos,rhalsemn@live.com,Male
817,Dore,dbussonmo@wired.com,Male
818,Costa,cectormp@amazon.de,Male
819,Berrie,baugiemq@reuters.com,Female
820,Fred,fzanazzimr@eepurl.com,Male
821,Marja,mtolworthyms@over-blog.com,Female
822,Washington,wletteresemt@prnewswire.com,Male
823,Randolph,rlynthalmu@mlb.com,Male
824,Linnie,ltrahearnmv@aol.com,Female
825,Mill,mgoldwatermw@is.gd,Male
826,Mollie,mwhitenmx@acquirethisname.com,Female
827,Bart,bcroalmy@comcast.net,Male
828,Meier,mmathissenmz@fotki.com,Male
829,Dael,dmcilveenn0@wordpress.org,Male
830,Anneliese,arutlandn1@home.pl,Female
831,Clarisse,ctourotn2@ihg.com,Female
832,Kalil,kwippermannn3@purevolume.com,Male
833,Eduardo,efeelyn4@simplemachines.org,Male
834,Ambrosi,aloadsmann5@usatoday.com,Male
835,Duky,dinnmann6@gmpg.org,Male
836,Francois,fhonnicottn7@xing.com,Male
837,Jaquenetta,jdabbotdoylen8@naver.com,Female
838,Collen,cbaseleyn9@disqus.com,Female
839,Rowen,rbarlasna@washingtonpost.com,Male
840,Nestor,nflaggnb@hp.com,Male
841,Debby,dhattonc@tiny.cc,Female
842,Culver,clarmannd@samsung.com,Male
843,Albina,akailne@yahoo.com,Female
844,Maxine,meldernf@e-recht24.de,Female
845,Fidelio,fcaddockng@comcast.net,Male
846,Boonie,bweissnh@epa.gov,Male
847,Tabbie,tbagwellni@csmonitor.com,Male
848,Teresita,tbutterlynj@eepurl.com,Female
849,Rene,rvainesnk@sourceforge.net,Male
850,Hildegaard,hmacneilleynl@cornell.edu,Female
851,Lonni,lsouthwaynm@oaic.gov.au,Female
852,Prue,plaxnn@canalblog.com,Female
853,Ernestine,edobellno@hatena.ne.jp,Female
854,Harriett,heilernp@creativecommons.org,Female
855,Bernette,broschernq@about.com,Female
856,Rollo,rtandernr@npr.org,Male
857,Judon,jheijnenns@blinklist.com,Male
858,Creigh,ckennadynt@barnesandnoble.com,Male
859,Petr,pmctrusteynu@nymag.com,Male
860,Lowrance,lmerlenv@seesaa.net,Male
861,Hersh,hmckyrrellynw@meetup.com,Male
862,Harlie,hvarganx@parallels.com,Female
863,Jessie,jmishawny@yelp.com,Male
864,Hewie,hgosdinnz@mtv.com,Male
865,Angeline,aamangero0@boston.com,Female
866,Jolyn,jmehaffeyo1@cnbc.com,Female
867,Florry,fmarfeo2@cnet.com,Female
868,Thornie,thoogendorpo3@slideshare.net,Male
869,Raymund,rmauso4@paginegialle.it,Male
870,Trumaine,tloadwicko5@wix.com,Male
871,Marijn,mglassfordo6@blog.com,Male
872,Juline,jmineghellio7@admin.ch,Female
873,Drew,dwinderso8@cbslocal.com,Male
874,Colene,cnewnso9@freewebs.com,Female
875,Lenard,lokennyoa@fema.gov,Male
876,Tristan,tabrashkinob@pcworld.com,Male
877,Mariya,mattleeoc@geocities.jp,Female
878,Rafi,retchesod@census.gov,Male
879,Codie,csturdgessoe@bloglines.com,Male
880,Alex,aportisof@mediafire.com,Male
881,Nial,ndyettog@engadget.com,Male
882,Freedman,fsummertonoh@lycos.com,Male
883,Hillyer,hmatterdaceoi@mayoclinic.com,Male
884,Rosina,rdeaconoj@weibo.com,Female
885,Della,dstodartok@spiegel.de,Female
886,Mattheus,mmaragesol@woothemes.com,Male
887,Aubrey,atiteom@cnet.com,Male
888,Clive,cwakenshawon@i2i.jp,Male
889,Merridie,mjeannaudoo@com.com,Female
890,Margot,mloanop@buzzfeed.com,Female
891,Aurlie,amckimmieoq@bing.com,Female
892,Lucho,lmaccrackenor@dell.com,Male
893,Winston,wtaplowos@cloudflare.com,Male
894,Saundra,smerrifieldot@sfgate.com,Male
895,Cash,ctisorou@cnn.com,Male
896,Gratia,gyoxallov@moonfruit.com,Female
897,Jameson,jdevereow@lulu.com,Male
898,Ladonna,ldanserox@mozilla.com,Female
899,Lynn,lnunnsoy@dailymotion.com,Male
900,Mareah,mbehnenoz@1und1.de,Female
901,Gearalt,gknevetp0@prweb.com,Male
902,Aldridge,abottomorep1@usatoday.com,Male
903,Lizabeth,lknoxp2@netlog.com,Female
904,Jenni,jknightleyp3@ehow.com,Female
905,Nicole,nbonickp4@mozilla.org,Female
906,Joell,jreijmersp5@twitter.com,Female
907,Cassondra,chuxhamp6@techcrunch.com,Female
908,Niels,nholdp7@huffingtonpost.com,Male
909,Peirce,pschiellp8@technorati.com,Male
910,Poppy,pbrachellp9@spotify.com,Female
911,Kent,kcornfieldpa@patch.com,Male
912,Killian,kdanatpb@nationalgeographic.com,Male
913,Rozelle,rbyshpc@flickr.com,Female
914,Gunilla,gmarchingtonpd@telegraph.co.uk,Female
915,Dillie,dtakospe@cam.ac.uk,Male
916,Ludovika,lsalvadorpf@biblegateway.com,Female
917,Clayson,cmancerpg@hatena.ne.jp,Male
918,Doll,dbisgroveph@godaddy.com,Female
919,Zeke,zgrellierpi@twitpic.com,Male
920,Marylynne,mbuckbeepj@youtube.com,Female
921,Darnall,djanospk@sbwire.com,Male
922,Rockie,rglentzpl@discuz.net,Male
923,Myrwyn,mdoerlingpm@artisteer.com,Male
924,Jaclyn,jloftuspn@123-reg.co.uk,Female
925,Reeva,rcescopo@columbia.edu,Female
926,Laurent,lelrickpp@youtube.com,Male
927,Delmore,ddunckleepq@abc.net.au,Male
928,Helli,hbolducpr@github.com,Female
929,Lura,lkrammerps@stumbleupon.com,Female
930,Myrna,mfairholmept@patch.com,Female
931,Sheilah,sklaggepu@loc.gov,Female
932,Lindsey,leldenpv@google.co.uk,Female
933,Emogene,edursleypw@ezinearticles.com,Female
934,Orlan,osouleypx@live.com,Male
935,Dare,dblagdonpy@multiply.com,Male
936,Trumann,tlyburnpz@home.pl,Male
937,Sibylle,spethybridgeq0@list-manage.com,Female
938,Heidie,hfullerdq1@home.pl,Female
939,Piggy,pbizzeyq2@bluehost.com,Male
940,Eran,escammellq3@dropbox.com,Female
941,Hyacintha,hturleq4@cdc.gov,Female
942,Courtnay,cpicheq5@macromedia.com,Male
943,Rhianon,rheleq6@ebay.co.uk,Female
944,Emogene,efearq7@amazon.co.jp,Female
945,Sharla,smcpheeq8@booking.com,Female
946,Lia,llockleyq9@amazon.co.uk,Female
947,Bartel,bspurdenqa@pinterest.com,Male
948,Kin,kconanqb@macromedia.com,Male
949,Henrik,hbrighamqc@delicious.com,Male
950,Lian,lburrellsqd@ucsd.edu,Female
951,Baillie,bmcclaryqe@goo.gl,Male
952,Bearnard,bfrenscheqf@issuu.com,Male
953,Nealson,nhaironqg@constantcontact.com,Male
954,Saraann,smankorqh@alibaba.com,Female
955,Patricio,plamkeqi@bizjournals.com,Male
956,Beryl,bbartolomaqj@adobe.com,Female
957,Alister,atretterqk@earthlink.net,Male
958,Ettie,epagelql@nydailynews.com,Female
959,Skyler,skubisqm@dailymotion.com,Male
960,Maddy,mmountainqn@redcross.org,Male
961,Belle,bduesberryqo@cyberchimps.com,Female
962,Tally,tboncoreqp@goodreads.com,Male
963,Brooks,bseawellqq@skyrock.com,Male
964,Jessalin,jbumpusqr@networkadvertising.org,Female
965,Millard,mdomeneyqs@google.com.br,Male
966,Nani,npraillqt@yale.edu,Female
967,Ripley,rcolebrookqu@chicagotribune.com,Male
968,Tomas,tpowdrillqv@mapy.cz,Male
969,Dimitri,dnapoleoneqw@bbc.co.uk,Male
970,Benton,bdemcikqx@sciencedaily.com,Male
971,Maurine,mmaymondqy@yandex.ru,Female
972,Woodie,wbeazeyqz@sun.com,Male
973,Harcourt,hsworner0@fotki.com,Male
974,Zack,zbleimanr1@yellowpages.com,Male
975,Niel,nbrozr2@paginegialle.it,Male
976,Mireille,mmurtaghr3@is.gd,Female
977,Jennee,jcowxr4@auda.org.au,Female
978,Alanna,alowethr5@yellowpages.com,Female
979,Elga,egorickr6@bravesites.com,Female
980,Samara,spasleyr7@printfriendly.com,Female
981,Teodoor,teilhartr8@webeden.co.uk,Male
982,Cecilius,ckampshellr9@google.es,Male
983,Nadean,nsissera@jigsy.com,Female
984,Felicdad,fvallensrb@ucoz.com,Female
985,Goldie,gkemetzrc@go.com,Female
986,Jarrett,jwhiskerrd@tinyurl.com,Male
987,Joan,jeyckelbeckre@latimes.com,Female
988,Randal,rslocomberf@cnbc.com,Male
989,Willey,wturneyrg@psu.edu,Male
990,Vinson,vmacconnelrh@discovery.com,Male
991,Gae,gevelingri@archive.org,Female
992,Estrella,elehenmannrj@slate.com,Female
993,Giulietta,gcarbryrk@webeden.co.uk,Female
994,Shaylynn,shingrl@wiley.com,Female
995,Edwina,estanionrm@microsoft.com,Female
996,Dyna,ddartrn@dell.com,Female
997,Stevana,spieterro@fotki.com,Female
998,Meade,morpwoodrp@twitpic.com,Female
999,Will,wflecknellrq@statcounter.com,Male
1000,Lilla,lbeinkerr@tmall.com,Female
